Username,Profile,Price,Date
cjan,ILLIMITER-1mois-,0.0,2025-12-30
smzj,ILLIMITER-1mois-,0.0,2025-12-31
vjrt,ILLIMITER-1mois-,0.0,2025-12-31
jvmg,1H,500.0,2026-01-02
hmtm,1H,500.0,2026-01-03
nkdh,1H,500.0,2026-01-03
xakt,1H,500.0,2026-01-03
exii,1H,500.0,2026-01-03
mcbn,1H,500.0,2026-05-02
hdth,1H,500.0,2026-05-03
zjtn,1H,500.0,2026-05-03
njpt,1H,500.0,2026-05-03
wxdm,1H,500.0,2026-05-03
rrbu,1H,500.0,2026-05-03
dmtp,1H,500.0,2026-05-03
gkxt,1H,500.0,2026-05-03
pxrz,1H,500.0,2026-05-04
kjcd,1H,500.0,2026-05-07
jwvj,1H,500.0,2026-05-07
xnyb,1H,500.0,2026-05-07
neey,1H,500.0,2026-05-07
grjd,1H,500.0,2026-05-07
